id,year,month,authors,title,title_ja,note,venue,links,award,hidden,rm_id,rm_target,rm_type,rm_skip,journal,volume,number,pages,doi,referee,lang
p0001,2026,,"Rui Sakaida, Koji Inoue, Yui Sakao, Yukiko Nakabayashi, Daisuke Yokomori, Katsuya Takanashi",Sequential Annotation of Embodied Actions in Movement Scenes from a Multimodal Corpus: A Case Study of Miraikan SC Corpus,マルチモーダルコーパスの移動場面に対する動作連鎖アノテーション：未来館SCコーパスを対象に,,"Transactions of the Japanese Society for Artificial Intelligence, Vol. 41, No. 2, pp. IDS26-F_1-12",Link | https://www.jstage.jst.go.jp/article/tjsai/41/2/41_41-2_IDS26-F/_html/-char/ja,,,,,,,Transactions of the Japanese Society for Artificial Intelligence,41,2,IDS26-F_1-12,,,
p0002,2025,,"Ryuichi Sumida, Koji Inoue, Tatsuya Kawahara",Enhancing Long-term RAG Chatbots with Psychological Models of Memory Importance and Forgetting,,,"Dialogue and Discourse, Vol. 16, No. 2, pp. 74-110",Link | https://journals.uic.edu/ojs/index.php/dad/article/view/14138,,,,,,,Dialogue and Discourse,16,2,74-110,,,
p0003,2025,,"Keiko Ochi, Divesh Lala, Koji Inoue, Tatsuya Kawahara, Hirokazu Kumazaki",Robot-Mediated Multi-Party Conversation Aimed at Affect Improvement for Psychiatric Patients,,,"IEEE Transactions on Affective Computing, Vol. 17, No. 2, pp. 1427-1437",Link | https://ieeexplore.ieee.org/document/11006954,,,,,,,IEEE Transactions on Affective Computing,17,2,1427-1437,,,
p0004,2023,,"Kenta Yamamoto, Koji Inoue, Tatsuya Kawahara",Character expression of a conversational robot for adapting to user personality,,,"Advanced Robotics, Vol. 38, No. 24, pp. 256-266","Link | https://www.tandfonline.com/doi/full/10.1080/01691864.2023.2285804
Preprint PDF | https://repository.kulib.kyoto-u.ac.jp/dspace/handle/2433/287441",,,,,,,Advanced Robotics,38,24,256-266,,,
p0005,2023,,"Yahui Fu, Koji Inoue, Divesh Lala, Kenta Yamamoto, Chenhui Chu, Tatsuya Kawahara",Dual variational generative model and auxiliary retrieval for empathetic response generation by conversational robot,,,"Advanced Robotics, Vol. 37, No. 21, pp. 1406-1418","Link | https://www.tandfonline.com/doi/full/10.1080/01691864.2023.2270577
Preprint PDF | https://repository.kulib.kyoto-u.ac.jp/dspace/handle/2433/285997",,,,,,,Advanced Robotics,37,21,1406-1418,,,
p0006,2023,,"Keiko Ochi, Koji Inoue, Divesh Lala, Tatsuya Kawahara, Hirokazu Kumazaki",Effect of attentive listening robot on pleasure and arousal change in psychiatric daycare,,,"Advanced Robotics, Vol. 37, No. 21, pp. 1382-1391","Link | https://www.tandfonline.com/doi/full/10.1080/01691864.2023.2257264
Preprint PDF | https://repository.kulib.kyoto-u.ac.jp/dspace/handle/2433/285730",,,,,,,Advanced Robotics,37,21,1382-1391,,,
p0007,2022,,"Kenta Yamamoto, Koji Inoue, Tatsuya Kawahara",Character expression for spoken dialogue systems with semi-supervised learning using Variational Auto-Encoder,,,"Computer Speech & Language, Vol. 79, 101469",Link | https://www.sciencedirect.com/science/article/pii/S0885230822000924?via%3Dihub,,,,,,,Computer Speech & Language,79,,,,,
p0008,2022,,"Koji Inoue, Divesh Lala, Tatsuya Kawahara",Can a robot laugh with you?: Shared laughter generation for empathetic spoken dialogue,,,Frontiers in Robotics and AI,"Link | https://www.frontiersin.org/articles/10.3389/frobt.2022.933261/full
Demo page | https://inokoj.github.io/slg/",,,,,,,,,,,,,
p0009,2021,,"Koji Inoue, Divesh Lala, Kenta Yamamoto, Shizuka Nakamura, Katsuya Takanashi, Tatsuya Kawahara",An Attentive Listening System for Autonomous Android ERICA: Comparative Evaluation with Human Attentive Listeners,アンドロイドERICAの傾聴対話システム--人間による傾聴との比較評価--,,"Transactions of the Japanese Society for Artificial Intelligence, Vol. 36, No. 5, pp. H-L51_1-12",Link | https://www.jstage.jst.go.jp/article/tjsai/36/5/36_36-5_H-L51/_article/-char/ja,,,,,,,Transactions of the Japanese Society for Artificial Intelligence,36,5,H-L51_1-12,,,
p0010,2021,,"Tatsuya Kawahara, Naoyuki Muramatsu, Kenta Yamamoto, Divesh Lala, Koji Inoue",Semi-autonomous avatar enabling unconstrained parallel conversations --seamless hybrid of WOZ and autonomous dialogue systems--,,,"Advanced Robotics, Vol. 35, No. 11, pp. 657-663",Link | https://www.tandfonline.com/doi/full/10.1080/01691864.2021.1928549?scroll=top&needAccess=true,,,,,,,Advanced Robotics,35,11,657-663,,,
p0011,2020,,"Koji Inoue, Kohei Hara, Divesh Lala, Kenta Yamamoto, Shizuka Nakamura, Katsuya Takanashi, Tatsuya Kawahara",A Job Interview Dialogue System That Asks Follow-up Questions: Implementation and Evaluation with an Autonomous Android,掘り下げ質問を行う就職面接対話システムの自律型アンドロイドでの実装と評価,,"Transactions of the Japanese Society for Artificial Intelligence, Vol. 35, No. 5, pp. D-K43_1-10",Link | https://www.jstage.jst.go.jp/article/tjsai/35/5/35_35-5_D-K43/_article/-char/ja,,,,,,,Transactions of the Japanese Society for Artificial Intelligence,35,5,D-K43_1-10,,,
p0012,2019,,"Yuanchao Li, Carlos T. Ishi, Koji Inoue, Shizuka Nakamura, Tatsuya Kawahara",Expressing reactive emotion based on multimodal emotion recognition for natural conversation in human-robot interaction,,,"Advanced Robotics, Vol. 33, No 20, pp. 1030-1041",Link | https://www.tandfonline.com/doi/full/10.1080/01691864.2019.1667872,,,,,,,Advanced Robotics,33,20,1030-1041,,,
p0013,2018,,"Koji Inoue, Divesh Lala, Katsuya Takanashi, Tatsuya Kawahara",Engagement recognition by a latent character model based on multimodal listener behaviors in spoken dialogue,,,"APSIPA Transaction on Signal and Information Processing, Vol. 7, No. e9, pp. 1-16",Link | https://www.cambridge.org/core/journals/apsipa-transactions-on-signal-and-information-processing/article/engagement-recognition-by-a-latent-character-model-based-on-multimodal-listener-behaviors-in-spoken-dialogue/E520CBA5B07362373D362F8CAD3E4696,,,,,,,APSIPA Transaction on Signal and Information Processing,7,e9,1-16,,,
p0014,2018,,"Kenta Yamamoto, Koji Inoue, Shizuka Nakamura, Katsuya Takanashi, Tatsuya Kawahara",A Dialogue Behavior Control Model for Expressing a Characters of Humanoid Robots,人間型ロボットのキャラクタ表現のための対話の振る舞い制御モデル,,"Transactions of the Japanese Society for Artificial Intelligence, Vol. 33, No. 5, pp. C-l37_1-9",Link | https://doi.org/10.1527/tjsai.C-I37,,,,,,,Transactions of the Japanese Society for Artificial Intelligence,33,5,C-l37_1-9,,,
p0015,2018,,"Koji Inoue, Divesh Lala, Kazuyoshi Yoshii, Katsuya Takanashi, Tatsuya Kawahara",Engagement Recognition from Listener’s Behaviors in Spoken Dialogue Using a Latent Character Model,潜在キャラクタモデルによる聞き手のふるまいに基づく対話エンゲージメントの推定,,"Transactions of the Japanese Society for Artificial Intelligence, Vol. 33, No. 1, pp. DSH-F_1-12",Link | https://doi.org/10.1527/tjsai.DSH-F,,,,,,,Transactions of the Japanese Society for Artificial Intelligence,33,1,DSH-F_1-12,,,
p0016,2016,,"Takashi Yamaguchi, Koji Inoue, Koichi Yoshino, Katsuya Takanashi, Nigel G. Ward, Tatsuya Kawahara",Generating a Variety of Backchannel Forms Based on Linguistic and Prosodic Features for Attentive Listening Agents,傾聴対話システムのための言語情報と韻律情報に基づく多様な形態の相槌の生成,,"Transactions of the Japanese Society for Artificial Intelligence, Vol. 31, No. 4, pp. C-G31_1-10",Link | https://www.jstage.jst.go.jp/article/tjsai/31/4/31_C-G31/_article/-char/ja/,,,,,,,Transactions of the Japanese Society for Artificial Intelligence,31,4,C-G31_1-10,,,
p0017,2016,,"Tatsuya Kawahara, Takuma Iwatate, Koji Inoue, Soichiro Hayashi, Hiromasa Yoshimoto, Katsuya Takanashi",Multi-modal sensing and analysis of poster conversations with smart posterboard,,,"APSIPA Transaction on Signal and Information Processing, Vol. 5, No. e2, pp. 1-12",Link | http://journals.cambridge.org/action/displayAbstract?fromPage=online&aid=10207240&fileId=S2048770316000020,,,,,,,APSIPA Transaction on Signal and Information Processing,5,e2,1-12,,,
p0018,2016,,"Koji Inoue, Yukoh Wakabayashi, Hiromasa Yoshimoto, Tatsuya Kawahara",Speaker Diarization by Combining Acoustic and Eye-Gaze Information in Multi-Party Conversations,多人数会話における音響・視線情報を統合した話者区間検出,,"IEICE Trans. on Information and Systems, Vol. J99-D, No. 3, pp. 348-357",Link | http://search.ieice.org/bin/summary.php?id=j99-d_3_348&category=D&year=2016&lang=J&abst=,,,,,,,IEICE Trans. on Information and Systems,J99-D,3,348-357,,,
p0019,2016,,"Yukoh Wakabayashi, Koji Inoue, Masato Nakayama, Takanobu Nishiura, Yoichi Yamashita, Hiromasa Yoshimoto, Tatsuya Kawahara",Speaker Diarization and Source Number Estimation Based on Audio-Visual Integration,視聴覚情報の統合に基づく音源数推定と話者ダイアライゼーション,,"IEICE Trans. on Information and Systems, Vol. J99-D, No. 3, pp. 326-336",Link | http://search.ieice.org/bin/summary.php?id=j99-d_3_326&category=D&lang=J&year=2016&abst=,,,,,,,IEICE Trans. on Information and Systems,J99-D,3,326-336,,,
p0020,2013,,"Koji Inoue, Kohei Isechi, Hironobu Saito, Yoshimitsu Kuroki",An Inter-Prediction Method using Sparse Representation for High Efficiency Video Coding,,,"IEICE Trans. on Fundamentals of Electronics, Communications and Computer Sciences, Vol. E96-A, No. 11, pp. 2191-2193",Link | http://search.ieice.org/bin/summary.php?id=e96-a_11_2191&category=A&year=2013&lang=E&abst=,,,,,,,"IEICE Trans. on Fundamentals of Electronics, Communications and Computer Sciences",E96-A,11,2191-2193,,,
p0021,2012,,"Kenjiro Sugimoto, Koji Inoue, Yoshimitsu Kuroki, Sei-ichiro Kamata",A linear manifold color descriptor for medicine package recognition,,,"IEICE Trans. on Information and Systems, Vol. E95-D, No. 5, pp. 1264-1271",Link | http://search.ieice.org/bin/summary.php?id=e95-d_5_1264&category=D&year=2012&lang=E&abst=,,,,,,,IEICE Trans. on Information and Systems,E95-D,5,1264-1271,,,
